<keymap version="1" name="VSCode hmarcuzzo (MacOS)" parent="VSCode">
  <action id="$Copy">
    <keyboard-shortcut first-keystroke="meta c" />
    <keyboard-shortcut first-keystroke="meta help" />
  </action>
  <action id="$Cut">
    <keyboard-shortcut first-keystroke="shift delete" />
    <keyboard-shortcut first-keystroke="meta x" />
  </action>
  <action id="$Paste">
    <keyboard-shortcut first-keystroke="meta v" />
    <keyboard-shortcut first-keystroke="shift help" />
  </action>
  <action id="$Redo">
    <keyboard-shortcut first-keystroke="shift alt back_space" />
    <keyboard-shortcut first-keystroke="meta y" />
    <keyboard-shortcut first-keystroke="shift meta z" />
  </action>
  <action id="$SelectAll">
    <keyboard-shortcut first-keystroke="meta a" />
  </action>
  <action id="$Undo">
    <keyboard-shortcut first-keystroke="alt back_space" />
    <keyboard-shortcut first-keystroke="meta z" />
  </action>
  <action id="ActivateTerminalToolWindow">
    <keyboard-shortcut first-keystroke="ctrl dead_grave" />
    <keyboard-shortcut first-keystroke="meta back_quote" />
  </action>
  <action id="ChangesView.ShelveSilently">
    <keyboard-shortcut first-keystroke="shift meta h" />
  </action>
  <action id="CloseAllEditors">
    <keyboard-shortcut first-keystroke="meta k" second-keystroke="meta w" />
  </action>
  <action id="CloseContent">
    <keyboard-shortcut first-keystroke="meta w" />
  </action>
  <action id="CodeCompletion">
    <keyboard-shortcut first-keystroke="meta space" />
    <keyboard-shortcut first-keystroke="meta i" />
  </action>
  <action id="CommentByLineComment">
    <keyboard-shortcut first-keystroke="ctrl k" second-keystroke="ctrl c" />
    <keyboard-shortcut first-keystroke="ctrl k" second-keystroke="ctrl u" />
    <keyboard-shortcut first-keystroke="meta slash" />
  </action>
  <action id="Console.TableResult.EditValueMaximized">
    <keyboard-shortcut first-keystroke="shift alt enter" />
  </action>
  <action id="DatabaseView.PropertiesAction" />
  <action id="DatabaseView.Tools">
    <keyboard-shortcut first-keystroke="meta period" />
  </action>
  <action id="Diff.FocusOppositePane">
    <keyboard-shortcut first-keystroke="meta open_bracket" />
  </action>
  <action id="Editor Copy">
    <keyboard-shortcut first-keystroke="meta c" />
    <keyboard-shortcut first-keystroke="meta help" />
  </action>
  <action id="Editor Cut">
    <keyboard-shortcut first-keystroke="meta x" />
  </action>
  <action id="Editor Paste">
    <keyboard-shortcut first-keystroke="meta v" />
    <keyboard-shortcut first-keystroke="shift help" />
  </action>
  <action id="Editor Redo">
    <keyboard-shortcut first-keystroke="meta y" />
    <keyboard-shortcut first-keystroke="shift meta z" />
  </action>
  <action id="Editor SelectAll">
    <keyboard-shortcut first-keystroke="meta a" />
  </action>
  <action id="Editor Undo">
    <keyboard-shortcut first-keystroke="meta z" />
  </action>
  <action id="EditorCopy">
    <keyboard-shortcut first-keystroke="meta c" />
    <keyboard-shortcut first-keystroke="meta help" />
  </action>
  <action id="EditorCut">
    <keyboard-shortcut first-keystroke="shift delete" />
    <keyboard-shortcut first-keystroke="meta x" />
  </action>
  <action id="EditorDownWithSelection">
    <keyboard-shortcut first-keystroke="shift down" />
    <keyboard-shortcut first-keystroke="shift meta down" />
  </action>
  <action id="EditorLineEndWithSelection">
    <keyboard-shortcut first-keystroke="shift end" />
    <keyboard-shortcut first-keystroke="shift meta end" />
  </action>
  <action id="EditorLineStartWithSelection">
    <keyboard-shortcut first-keystroke="shift home" />
    <keyboard-shortcut first-keystroke="shift meta home" />
  </action>
  <action id="EditorNextWord">
    <keyboard-shortcut first-keystroke="meta right" />
  </action>
  <action id="EditorNextWordWithSelection">
    <keyboard-shortcut first-keystroke="shift meta right" />
  </action>
  <action id="EditorPaste">
    <keyboard-shortcut first-keystroke="meta v" />
    <keyboard-shortcut first-keystroke="shift help" />
  </action>
  <action id="EditorPreviousWord">
    <keyboard-shortcut first-keystroke="meta left" />
  </action>
  <action id="EditorPreviousWordWithSelection">
    <keyboard-shortcut first-keystroke="shift meta left" />
  </action>
  <action id="EditorSelectWord" />
  <action id="EditorStartNewLine">
    <keyboard-shortcut first-keystroke="ctrl enter" />
    <keyboard-shortcut first-keystroke="meta enter" />
  </action>
  <action id="EditorTextEndWithSelection">
    <keyboard-shortcut first-keystroke="shift ctrl end" />
    <keyboard-shortcut first-keystroke="shift ctrl down" />
  </action>
  <action id="EditorTextStartWithSelection">
    <keyboard-shortcut first-keystroke="shift ctrl home" />
    <keyboard-shortcut first-keystroke="shift ctrl up" />
  </action>
  <action id="EditorToggleInsertState">
    <keyboard-shortcut first-keystroke="insert" />
    <keyboard-shortcut first-keystroke="help" />
  </action>
  <action id="EditorUpWithSelection">
    <keyboard-shortcut first-keystroke="shift up" />
    <keyboard-shortcut first-keystroke="shift meta up" />
  </action>
  <action id="FileChooser.NewFile" />
  <action id="Find">
    <keyboard-shortcut first-keystroke="meta f" />
  </action>
  <action id="FindInPath">
    <keyboard-shortcut first-keystroke="shift meta f" />
  </action>
  <action id="Git.Branches">
    <keyboard-shortcut first-keystroke="shift meta back_quote" />
  </action>
  <action id="GotoDeclaration">
    <keyboard-shortcut first-keystroke="f12" />
    <mouse-shortcut keystroke="meta button1" />
  </action>
  <action id="GotoFile">
    <keyboard-shortcut first-keystroke="meta p" />
  </action>
  <action id="GotoLine">
    <keyboard-shortcut first-keystroke="meta g" />
  </action>
  <action id="GotoRow">
    <keyboard-shortcut first-keystroke="meta g" />
  </action>
  <action id="GotoSymbol">
    <keyboard-shortcut first-keystroke="meta t" />
  </action>
  <action id="JupyterNotebookCutCellCommandModeAction">
    <keyboard-shortcut first-keystroke="x" />
    <keyboard-shortcut first-keystroke="meta x" />
  </action>
  <action id="JupyterNotebookPasteCellCommandModeAction">
    <keyboard-shortcut first-keystroke="v" />
    <keyboard-shortcut first-keystroke="meta v" />
  </action>
  <action id="MoveElementLeft">
    <keyboard-shortcut first-keystroke="ctrl left" />
  </action>
  <action id="MoveElementRight">
    <keyboard-shortcut first-keystroke="ctrl right" />
  </action>
  <action id="MoveLineDown">
    <keyboard-shortcut first-keystroke="ctrl down" />
  </action>
  <action id="MoveLineUp">
    <keyboard-shortcut first-keystroke="ctrl up" />
  </action>
  <action id="NewElement">
    <keyboard-shortcut first-keystroke="meta n" />
  </action>
  <action id="NewScratchFile">
    <keyboard-shortcut first-keystroke="shift meta n" />
  </action>
  <action id="NotebookSelectCellAboveAction">
    <keyboard-shortcut first-keystroke="meta up" />
  </action>
  <action id="NotebookSelectCellBelowAction">
    <keyboard-shortcut first-keystroke="meta down" />
  </action>
  <action id="OpenFile">
    <keyboard-shortcut first-keystroke="meta o" />
  </action>
  <action id="OptimizeImports">
    <keyboard-shortcut first-keystroke="shift meta o" />
  </action>
  <action id="RecentFiles">
    <keyboard-shortcut first-keystroke="meta e" />
  </action>
  <action id="Replace">
    <keyboard-shortcut first-keystroke="meta h" />
  </action>
  <action id="ReplaceInPath">
    <keyboard-shortcut first-keystroke="shift meta h" />
  </action>
  <action id="SaveAll">
    <keyboard-shortcut first-keystroke="meta k" second-keystroke="s" />
  </action>
  <action id="SaveDocument">
    <keyboard-shortcut first-keystroke="meta s" />
  </action>
  <action id="ScrollPane-unitScrollDown">
    <keyboard-shortcut first-keystroke="meta down" />
  </action>
  <action id="ScrollPane-unitScrollUp">
    <keyboard-shortcut first-keystroke="meta up" />
  </action>
  <action id="SearchEverywhere">
    <keyboard-shortcut first-keystroke="shift meta a" />
  </action>
  <action id="SelectNextOccurrence">
    <keyboard-shortcut first-keystroke="meta d" />
    <keyboard-shortcut first-keystroke="meta f3" />
  </action>
  <action id="SelectVirtualTemplateElement">
    <keyboard-shortcut first-keystroke="shift meta o" />
  </action>
  <action id="SetShortcutAction">
    <keyboard-shortcut first-keystroke="meta period" />
  </action>
  <action id="ShowIntentionActions">
    <keyboard-shortcut first-keystroke="meta period" />
  </action>
  <action id="SmartUnSelect" />
  <action id="Switcher" />
  <action id="SwitcherBackward">
    <keyboard-shortcut first-keystroke="meta open_bracket" />
  </action>
  <action id="SwitcherForward">
    <keyboard-shortcut first-keystroke="meta close_bracket" />
  </action>
  <action id="SwitcherIterateItems">
    <keyboard-shortcut first-keystroke="meta e" />
  </action>
  <action id="SwitcherRecentEditedChangedToggleCheckBox">
    <keyboard-shortcut first-keystroke="meta e" />
  </action>
  <action id="Synchronize">
    <keyboard-shortcut first-keystroke="meta alt y" />
  </action>
  <action id="Terminal.ClearBuffer">
    <keyboard-shortcut first-keystroke="meta l" />
  </action>
  <action id="Terminal.ClearPrompt">
    <keyboard-shortcut first-keystroke="meta c" />
  </action>
  <action id="Terminal.CloseSession">
    <keyboard-shortcut first-keystroke="meta w" />
  </action>
  <action id="Terminal.CopySelectedText">
    <keyboard-shortcut first-keystroke="meta c" />
    <keyboard-shortcut first-keystroke="meta help" />
  </action>
  <action id="Terminal.NewTab">
    <keyboard-shortcut first-keystroke="meta t" />
  </action>
  <action id="Terminal.Paste">
    <keyboard-shortcut first-keystroke="meta v" />
    <keyboard-shortcut first-keystroke="shift help" />
  </action>
  <action id="Terminal.SelectAll">
    <keyboard-shortcut first-keystroke="meta a" />
  </action>
  <action id="Terminal.SelectBlockAbove">
    <keyboard-shortcut first-keystroke="meta up" />
    <keyboard-shortcut first-keystroke="up" />
  </action>
  <action id="Terminal.SelectLastBlock">
    <keyboard-shortcut first-keystroke="meta up" />
  </action>
  <action id="Terminal.SelectPrompt">
    <keyboard-shortcut first-keystroke="meta down" />
  </action>
  <action id="UsageFiltering.Imports">
    <keyboard-shortcut first-keystroke="meta i" />
  </action>
  <action id="org.intellij.plugins.markdown.ui.actions.styling.ToggleItalicAction">
    <keyboard-shortcut first-keystroke="meta i" />
  </action>
</keymap>