<keymap version="1" name="VSCode hmarcuzzo" parent="VSCode">
  <action id="DatabaseView.PropertiesAction" />
  <action id="EditorLineEnd">
    <keyboard-shortcut first-keystroke="end" />
    <keyboard-shortcut first-keystroke="meta right" />
  </action>
  <action id="EditorLineEndWithSelection">
    <keyboard-shortcut first-keystroke="shift end" />
    <keyboard-shortcut first-keystroke="shift meta right" />
  </action>
  <action id="EditorLineStart">
    <keyboard-shortcut first-keystroke="home" />
    <keyboard-shortcut first-keystroke="meta left" />
  </action>
  <action id="EditorLineStartWithSelection">
    <keyboard-shortcut first-keystroke="shift home" />
    <keyboard-shortcut first-keystroke="shift meta left" />
  </action>
  <action id="EditorNextWordWithSelection">
    <keyboard-shortcut first-keystroke="shift ctrl right" />
    <keyboard-shortcut first-keystroke="shift alt right" />
  </action>
  <action id="EditorPreviousWordWithSelection">
    <keyboard-shortcut first-keystroke="shift ctrl left" />
    <keyboard-shortcut first-keystroke="shift alt left" />
  </action>
  <action id="EditorSelectWord" />
  <action id="EditorStartNewLine">
    <keyboard-shortcut first-keystroke="meta enter" />
    <keyboard-shortcut first-keystroke="ctrl enter" />
  </action>
  <action id="EditorTextEnd">
    <keyboard-shortcut first-keystroke="ctrl end" />
    <keyboard-shortcut first-keystroke="meta down" />
  </action>
  <action id="EditorTextEndWithSelection">
    <keyboard-shortcut first-keystroke="shift ctrl end" />
    <keyboard-shortcut first-keystroke="shift meta down" />
  </action>
  <action id="EditorTextStart">
    <keyboard-shortcut first-keystroke="ctrl home" />
    <keyboard-shortcut first-keystroke="meta up" />
  </action>
  <action id="EditorTextStartWithSelection">
    <keyboard-shortcut first-keystroke="shift ctrl home" />
    <keyboard-shortcut first-keystroke="shift meta up" />
  </action>
  <action id="EditorToggleInsertState">
    <keyboard-shortcut first-keystroke="insert" />
    <keyboard-shortcut first-keystroke="help" />
  </action>
  <action id="FileChooser.NewFile" />
  <action id="GotoFile">
    <keyboard-shortcut first-keystroke="ctrl p" />
    <keyboard-shortcut first-keystroke="meta p" />
  </action>
  <action id="MoveLineDown">
    <keyboard-shortcut first-keystroke="ctrl meta down" />
  </action>
  <action id="MoveLineUp">
    <keyboard-shortcut first-keystroke="ctrl meta up" />
  </action>
  <action id="MoveStatementDown">
    <keyboard-shortcut first-keystroke="meta alt down" />
  </action>
  <action id="MoveStatementUp">
    <keyboard-shortcut first-keystroke="meta alt up" />
  </action>
  <action id="NewElement">
    <keyboard-shortcut first-keystroke="ctrl n" />
  </action>
  <action id="NewScratchFile">
    <keyboard-shortcut first-keystroke="shift ctrl n" />
  </action>
  <action id="OptimizeImports">
    <keyboard-shortcut first-keystroke="shift meta o" />
  </action>
  <action id="SmartUnSelect" />
</keymap>